Runs,Mins,BF,4s,6s,SR,Pos,Dismissal,Inns,Ground,Start Date,Format,Oppositions,100s,50s,200s
,,,,,,,,2,Belfast,23-Jun-07,ODI,Ireland,0,0,0
8.0,13,9,0,0,88.88,7,bowled,1,Belfast,26-Jun-07,ODI,South Africa,0,0,0
,,,,,,,,1,Durban,19-Sep-07,T20I,England,0,0,0
50.0,52,40,7,2,125,5,not out,1,Durban,20-Sep-07,T20I,South Africa,0,1,0
8.0,11,5,0,1,160,6,not out,1,Durban,22-Sep-07,T20I,Australia,0,0,0
30.0,22,16,2,1,187.5,6,not out,1,Johannesburg,24-Sep-07,T20I,Pakistan,0,0,0
1.0,3,4,0,0,25,7,caught,2,Hyderabad,05-Oct-07,ODI,Australia,0,0,0
,,,,,,,,2,Brabourne,20-Oct-07,T20I,Australia,0,0,0
52.0,82,61,3,1,85.24,5,caught,2,Jaipur,18-Nov-07,ODI,Pakistan,0,1,0
8.0,15,8,1,0,100,5,bowled,1,Melbourne,01-Feb-08,T20I,Australia,0,0,0
29.0,68,43,5,0,67.44,4,caught,1,Brisbane,03-Feb-08,ODI,Australia,0,0,0
0.0,1,2,0,0,0,5,caught,1,Brisbane,05-Feb-08,ODI,Sri Lanka,0,0,0
39.0,86,61,2,0,63.93,6,not out,2,Melbourne,10-Feb-08,ODI,Australia,0,0,0
70.0,93,64,6,1,109.37,4,not out,1,Canberra,12-Feb-08,ODI,Sri Lanka,0,1,0
1.0,12,3,0,0,33.33,4,caught,2,Adelaide,17-Feb-08,ODI,Australia,0,0,0
24.0,74,36,1,0,66.66,4,caught,2,Adelaide,19-Feb-08,ODI,Sri Lanka,0,0,0
1.0,3,3,0,0,33.33,4,caught,2,Sydney,24-Feb-08,ODI,Australia,0,0,0
3.0,8,7,0,0,42.85,5,not out,2,Hobart,26-Feb-08,ODI,Sri Lanka,0,0,0
66.0,108,87,6,0,75.86,5,bowled,2,Sydney,02-Mar-08,ODI,Australia,0,1,0
2.0,6,5,0,0,40,6,caught,1,Brisbane,04-Mar-08,ODI,Australia,0,0,0
9.0,28,27,0,0,33.33,5,bowled,1,Mirpur,10-Jun-08,ODI,Pakistan,0,0,0
26.0,50,43,1,1,60.46,3,caught,2,Mirpur,12-Jun-08,ODI,Bangladesh,0,0,0
24.0,43,27,5,0,88.88,3,caught,2,Mirpur,14-Jun-08,ODI,Pakistan,0,0,0
11.0,37,29,0,0,37.93,3,run out,1,Karachi,25-Jun-08,ODI,Hong Kong,0,0,0
0.0,3,1,0,0,0,6,not out,2,Karachi,26-Jun-08,ODI,Pakistan,0,0,0
22.0,28,23,2,0,95.65,3,caught,2,Karachi,28-Jun-08,ODI,Bangladesh,0,0,0
58.0,81,71,4,0,81.69,6,caught,1,Karachi,02-Jul-08,ODI,Pakistan,0,1,0
22.0,37,28,2,0,78.57,6,not out,2,Karachi,03-Jul-08,ODI,Sri Lanka,0,0,0
3.0,8,8,0,0,37.5,6,lbw,2,Karachi,06-Jul-08,ODI,Sri Lanka,0,0,0
19.0,46,31,1,1,61.29,5,caught,1,Dambulla,18-Aug-08,ODI,Sri Lanka,0,0,0
0.0,2,2,0,0,0,6,lbw,2,Dambulla,20-Aug-08,ODI,Sri Lanka,0,0,0
32.0,39,32,3,0,100,7,caught,1,Colombo (RPS),24-Aug-08,ODI,Sri Lanka,0,0,0
18.0,30,23,0,0,78.26,6,caught,1,Colombo (RPS),27-Aug-08,ODI,Sri Lanka,0,0,0
3.0,11,5,0,0,60,5,lbw,2,Colombo (RPS),29-Aug-08,ODI,Sri Lanka,0,0,0
11.0,30,8,1,0,137.5,7,not out,1,Rajkot,14-Nov-08,ODI,England,0,0,0
3.0,16,13,0,0,23.07,4,caught,1,Indore,17-Nov-08,ODI,England,0,0,0
28.0,54,41,3,0,68.29,4,caught,2,Kanpur,20-Nov-08,ODI,England,0,0,0
8.0,13,10,1,0,80,6,not out,2,Cuttack,26-Nov-08,ODI,England,0,0,0
25.0,44,30,3,0,83.33,6,not out,2,Dambulla,28-Jan-09,ODI,Sri Lanka,0,0,0
4.0,12,6,0,0,66.66,7,not out,1,Colombo (RPS),05-Feb-09,ODI,Sri Lanka,0,0,0
15.0,31,22,1,0,68.18,5,caught,2,Colombo (RPS),08-Feb-09,ODI,Sri Lanka,0,0,0
4.0,13,11,0,0,36.36,6,caught,2,Colombo (RPS),10-Feb-09,T20I,Sri Lanka,0,0,0
7.0,9,7,0,1,100,4,caught,1,Christchurch,25-Feb-09,T20I,New Zealand,0,0,0
,,,,,,,,2,Hamilton,11-Mar-09,ODI,New Zealand,0,0,0
43.0,106,74,1,1,58.1,4,not out,1,Auckland,14-Mar-09,ODI,New Zealand,0,0,0
36.0,34,23,3,2,156.52,2,bowled,1,Nottingham,06-Jun-09,T20I,Bangladesh,0,0,0
52.0,61,45,4,1,115.55,2,not out,2,Nottingham,10-Jun-09,T20I,Ireland,0,1,0
5.0,6,3,1,0,166.66,2,caught,1,Lord's,12-Jun-09,T20I,West Indies,0,0,0
9.0,7,8,1,0,112.5,2,bowled,2,Lord's,14-Jun-09,T20I,England,0,0,0
29.0,39,28,3,0,103.57,2,caught,2,Nottingham,16-Jun-09,T20I,South Africa,0,0,0
4.0,9,12,0,0,33.33,3,caught,1,Kingston,26-Jun-09,ODI,West Indies,0,0,0
0.0,7,2,0,0,0,3,caught,1,Kingston,28-Jun-09,ODI,West Indies,0,0,0
11.0,19,9,0,0,122.22,5,caught,2,Gros Islet,03-Jul-09,ODI,West Indies,0,0,0
,,,,,,,,-,Gros Islet,05-Jul-09,ODI,West Indies,0,0,0
3.0,,4,0,0,75,5,run out,2,Nagpur,09-Dec-09,T20I,Sri Lanka,0,0,0
48.0,,61,3,0,78.68,4,caught,2,Ahmedabad,27-Feb-10,ODI,South Africa,0,0,0
79.0,65,46,4,6,171.73,4,not out,2,Bridgetown,07-May-10,T20I,Australia,0,1,0
5.0,10,8,1,0,62.5,4,caught,2,Bridgetown,09-May-10,T20I,West Indies,0,0,0
,,,,,,,,1,Gros Islet,11-May-10,T20I,Sri Lanka,0,0,0
114.0,135,119,6,4,95.79,4,caught,1,Bulawayo,28-May-10,ODI,Zimbabwe,1,0,0
101.0,126,100,6,2,101,4,not out,2,Bulawayo,30-May-10,ODI,Sri Lanka,1,0,0
13.0,34,25,0,0,52,4,run out,1,Harare,03-Jun-10,ODI,Zimbabwe,0,0,0
32.0,43,40,1,0,80,5,bowled,1,Harare,05-Jun-10,ODI,Sri Lanka,0,0,0
10.0,22,15,1,0,66.66,4,stumped,2,Harare,12-Jun-10,T20I,Zimbabwe,0,0,0
0.0,1,0,0,0,,5,not out,2,Harare,13-Jun-10,T20I,Zimbabwe,0,0,0
0.0,1,1,0,0,0,4,lbw,2,Dambulla,16-Jun-10,ODI,Bangladesh,0,0,0
22.0,20,24,2,0,91.66,5,lbw,2,Dambulla,19-Jun-10,ODI,Pakistan,0,0,0
69.0,118,73,7,0,94.52,4,run out,1,Dambulla,22-Jun-10,ODI,Sri Lanka,0,1,0
41.0,80,52,3,0,78.84,5,caught,1,Dambulla,24-Jun-10,ODI,Sri Lanka,0,0,0
4.0,13,11,0,0,36.36,3,caught,2,Dambulla,10-Aug-10,ODI,New Zealand,0,0,0
0.0,3,2,0,0,0,4,lbw,2,Dambulla,16-Aug-10,ODI,Sri Lanka,0,0,0
11.0,,21,2,0,52.38,3,lbw,1,Dambulla,22-Aug-10,ODI,Sri Lanka,0,0,0
5.0,16,9,0,0,55.55,7,stumped,2,Dambulla,28-Aug-10,ODI,Sri Lanka,0,0,0
44.0,56,48,4,1,91.66,5,caught,2,Bengaluru,07-Dec-10,ODI,New Zealand,0,0,0
,,,,,,,,2,Chennai,10-Dec-10,ODI,New Zealand,0,0,0
53.0,38,34,5,2,155.88,3,caught,1,Durban,09-Jan-11,T20I,South Africa,0,1,0
11.0,28,27,1,0,40.74,4,caught,2,Durban,12-Jan-11,ODI,South Africa,0,0,0
9.0,29,14,1,0,64.28,7,lbw,1,Johannesburg,15-Jan-11,ODI,South Africa,0,0,0
23.0,67,45,2,0,51.11,1,bowled,2,Cape Town,18-Jan-11,ODI,South Africa,0,0,0
1.0,6,6,0,0,16.66,1,caught,2,Gqeberha,21-Jan-11,ODI,South Africa,0,0,0
5.0,15,8,1,0,62.5,2,bowled,2,Centurion,23-Jan-11,ODI,South Africa,0,0,0
26.0,33,23,0,2,113.04,6,bowled,1,Port of Spain,04-Jun-11,T20I,West Indies,0,0,0
68.0,131,75,3,1,90.66,5,not out,2,Port of Spain,06-Jun-11,ODI,West Indies,0,1,0
7.0,8,14,1,0,50,5,not out,2,Port of Spain,08-Jun-11,ODI,West Indies,0,0,0
86.0,137,91,5,2,94.5,5,not out,2,North Sound,11-Jun-11,ODI,West Indies,0,1,0
39.0,60,47,0,1,82.97,5,caught,2,North Sound,13-Jun-11,ODI,West Indies,0,0,0
57.0,105,72,2,1,79.16,5,bowled,1,Kingston,16-Jun-11,ODI,West Indies,0,1,0
1.0,7,3,0,0,33.33,5,stumped,1,Manchester,31-Aug-11,T20I,England,0,0,0
0.0,1,1,0,0,0,5,retired notout,1,Chester-le-Street,03-Sep-11,ODI,England,0,0,0
72.0,185,99,3,1,72.72,5,bowled,2,Cuttack,29-Nov-11,ODI,West Indies,0,1,0
90.0,131,98,7,2,91.83,5,not out,2,Visakhapatnam,02-Dec-11,ODI,West Indies,0,1,0
95.0,151,100,10,1,95,5,run out,2,Ahmedabad,05-Dec-11,ODI,West Indies,0,1,0
27.0,21,16,3,0,168.75,5,bowled,1,Indore,08-Dec-11,ODI,West Indies,0,0,0
21.0,31,26,1,0,80.76,6,bowled,1,Chennai,11-Dec-11,ODI,West Indies,0,0,0
0.0,2,1,0,0,0,5,bowled,2,Sydney,01-Feb-12,T20I,Australia,0,0,0
,,,,,,,,2,Melbourne,03-Feb-12,T20I,Australia,0,0,0
21.0,34,21,2,0,100,4,caught,2,Melbourne,05-Feb-12,ODI,Australia,0,0,0
10.0,29,17,1,0,58.82,4,caught,2,Perth,08-Feb-12,ODI,Sri Lanka,0,0,0
33.0,49,41,1,1,80.48,4,caught,2,Adelaide,12-Feb-12,ODI,Australia,0,0,0
15.0,30,27,2,0,55.55,4,run out,2,Adelaide,14-Feb-12,ODI,Sri Lanka,0,0,0
0.0,6,5,0,0,0,4,caught,2,Brisbane,19-Feb-12,ODI,Australia,0,0,0
,,,,,,,,1,Mirpur,13-Mar-12,ODI,Sri Lanka,0,0,0
4.0,9,6,0,0,66.66,6,run out,1,Mirpur,16-Mar-12,ODI,Bangladesh,0,0,0
68.0,109,83,5,1,81.92,4,caught,2,Mirpur,18-Mar-12,ODI,Pakistan,0,1,0
,,,,,,,,2,Johannesburg,30-Mar-12,T20I,South Africa,0,0,0
5.0,10,8,0,0,62.5,4,bowled,1,Hambantota,21-Jul-12,ODI,Sri Lanka,0,0,0
0.0,5,5,0,0,0,4,bowled,1,Hambantota,24-Jul-12,ODI,Sri Lanka,0,0,0
0.0,1,1,0,0,0,5,lbw,2,Colombo (RPS),28-Jul-12,ODI,Sri Lanka,0,0,0
4.0,18,14,0,0,28.57,4,lbw,2,Colombo (RPS),31-Jul-12,ODI,Sri Lanka,0,0,0
4.0,12,9,1,0,44.44,4,bowled,1,Pallekele,04-Aug-12,ODI,Sri Lanka,0,0,0
,,,,,,,,1,Pallekele,07-Aug-12,T20I,Sri Lanka,0,0,0
4.0,2,2,0,0,200,6,not out,2,Chennai,11-Sep-12,T20I,New Zealand,0,0,0
1.0,2,1,0,0,100,7,not out,1,Colombo (RPS),19-Sep-12,T20I,Afghanistan,0,0,0
55.0,48,33,5,1,166.66,4,not out,1,Colombo (RPS),23-Sep-12,T20I,England,0,1,0
1.0,5,2,0,0,50,5,bowled,1,Colombo (RPS),28-Sep-12,T20I,Australia,0,0,0
,,,,,,,,2,Colombo (RPS),30-Sep-12,T20I,Pakistan,0,0,0
25.0,48,27,2,0,92.59,4,lbw,1,Colombo (RPS),02-Oct-12,T20I,South Africa,0,0,0
24.0,28,19,1,1,126.31,5,bowled,1,Wankhede,22-Dec-12,T20I,England,0,0,0
2.0,8,2,0,0,100,7,run out,1,Bengaluru,25-Dec-12,T20I,Pakistan,0,0,0
4.0,1,2,1,0,200,7,not out,1,Ahmedabad,28-Dec-12,T20I,Pakistan,0,0,0
4.0,19,14,0,0,28.57,5,caught,1,Chennai,30-Dec-12,ODI,Pakistan,0,0,0
83.0,135,93,11,1,89.24,2,lbw,2,Mohali,23-Jan-13,ODI,England,0,1,0
4.0,15,9,1,0,44.44,2,caught,1,Dharamsala,27-Jan-13,ODI,England,0,0,0
65.0,96,81,8,1,80.24,1,caught,1,Cardiff,06-Jun-13,ODI,South Africa,0,1,0
52.0,78,56,7,0,92.85,1,caught,2,The Oval,11-Jun-13,ODI,West Indies,0,1,0
18.0,54,32,2,0,56.25,1,caught,2,Birmingham,15-Jun-13,ODI,Pakistan,0,0,0
33.0,77,50,4,0,66,1,bowled,2,Cardiff,20-Jun-13,ODI,Sri Lanka,0,0,0
9.0,18,14,1,0,64.28,1,bowled,1,Birmingham,23-Jun-13,ODI,England,0,0,0
60.0,129,89,4,1,67.41,1,caught,1,Kingston,30-Jun-13,ODI,West Indies,0,1,0
5.0,16,13,0,0,38.46,1,caught,2,Kingston,02-Jul-13,ODI,Sri Lanka,0,0,0
46.0,124,78,5,0,58.97,1,caught,1,Port of Spain,05-Jul-13,ODI,West Indies,0,0,0
48.0,126,83,2,1,57.83,1,not out,1,Port of Spain,09-Jul-13,ODI,Sri Lanka,0,0,0
58.0,146,89,5,1,65.16,1,bowled,2,Port of Spain,11-Jul-13,ODI,Sri Lanka,0,1,0
20.0,57,40,2,0,50,1,caught,2,Harare,24-Jul-13,ODI,Zimbabwe,0,0,0
1.0,5,7,0,0,14.28,1,caught,1,Harare,26-Jul-13,ODI,Zimbabwe,0,0,0
14.0,27,21,2,0,66.66,1,caught,2,Harare,28-Jul-13,ODI,Zimbabwe,0,0,0
64.0,123,90,5,1,71.11,2,not out,2,Bulawayo,01-Aug-13,ODI,Zimbabwe,0,1,0
8.0,8,8,0,1,100,1,caught,2,Rajkot,10-Oct-13,T20I,Australia,0,0,0
42.0,62,47,6,0,89.36,2,caught,2,Pune,13-Oct-13,ODI,Australia,0,0,0
141.0,195,123,17,4,114.63,1,not out,2,Jaipur,16-Oct-13,ODI,Australia,1,0,0
11.0,33,22,2,0,50,1,caught,1,Mohali,19-Oct-13,ODI,Australia,0,0,0
9.0,19,13,1,0,69.23,1,not out,2,Ranchi,23-Oct-13,ODI,Australia,0,0,0
79.0,119,89,7,3,88.76,1,caught,2,Nagpur,30-Oct-13,ODI,Australia,0,1,0
209.0,222,158,12,16,132.27,1,caught,1,Bengaluru,02-Nov-13,ODI,Australia,0,0,1
177.0,370,301,23,1,58.8,6,lbw,2,Eden Gardens,06-Nov-13,Test,West Indies,1,0,0
111.0,181,127,11,3,87.4,6,not out,2,Wankhede,14-Nov-13,Test,West Indies,1,0,0
72.0,105,81,8,1,88.88,1,caught,2,Kochi,21-Nov-13,ODI,West Indies,0,1,0
12.0,20,19,3,0,63.15,1,caught,1,Visakhapatnam,24-Nov-13,ODI,West Indies,0,0,0
4.0,19,14,0,0,28.57,1,caught,2,Kanpur,27-Nov-13,ODI,West Indies,0,0,0
18.0,69,43,2,0,41.86,1,run out,2,Johannesburg,05-Dec-13,ODI,South Africa,0,0,0
19.0,34,26,2,0,73.07,1,caught,2,Durban,08-Dec-13,ODI,South Africa,0,0,0
,,,,,,,,-,Centurion,11-Dec-13,ODI,South Africa,0,0,0
14.0,46,42,1,0,33.33,5,caught,1,Johannesburg,18-Dec-13,Test,South Africa,0,0,0
6.0,19,13,1,0,46.15,5,bowled,3,Johannesburg,18-Dec-13,Test,South Africa,0,0,0
0.0,2,1,0,0,0,5,bowled,1,Durban,26-Dec-13,Test,South Africa,0,0,0
25.0,69,46,2,1,54.34,5,lbw,3,Durban,26-Dec-13,Test,South Africa,0,0,0
3.0,24,23,0,0,13.04,1,caught,2,Napier,19-Jan-14,ODI,New Zealand,0,0,0
20.0,42,34,2,1,58.82,2,caught,2,Hamilton,22-Jan-14,ODI,New Zealand,0,0,0
39.0,65,38,1,4,102.63,1,caught,2,Auckland,25-Jan-14,ODI,New Zealand,0,0,0
79.0,131,94,6,4,84.04,1,caught,1,Hamilton,28-Jan-14,ODI,New Zealand,0,1,0
4.0,20,13,0,0,30.76,1,caught,2,Wellington,31-Jan-14,ODI,New Zealand,0,0,0
72.0,167,120,8,1,60,5,bowled,2,Auckland,06-Feb-14,Test,New Zealand,0,1,0
19.0,90,59,2,0,32.2,5,caught,4,Auckland,06-Feb-14,Test,New Zealand,0,0,0
0.0,11,3,0,0,0,6,bowled,2,Wellington,14-Feb-14,Test,New Zealand,0,0,0
31.0,122,97,4,0,31.95,5,not out,4,Wellington,14-Feb-14,Test,New Zealand,0,0,0
21.0,57,29,1,1,72.41,1,bowled,2,Fatullah,26-Feb-14,ODI,Bangladesh,0,0,0
13.0,37,28,1,0,46.42,1,lbw,1,Fatullah,28-Feb-14,ODI,Sri Lanka,0,0,0
56.0,86,58,7,2,96.55,1,caught,1,Mirpur,02-Mar-14,ODI,Pakistan,0,1,0
18.0,36,24,1,0,75,3,not out,2,Mirpur,05-Mar-14,ODI,Afghanistan,0,0,0
24.0,41,21,1,2,114.28,1,bowled,2,Mirpur,21-Mar-14,T20I,Pakistan,0,0,0
62.0,83,55,5,2,112.72,1,not out,2,Mirpur,23-Mar-14,T20I,West Indies,0,1,0
56.0,60,44,5,1,127.27,1,caught,2,Mirpur,28-Mar-14,T20I,Bangladesh,0,1,0
5.0,1,3,1,0,166.66,1,caught,1,Mirpur,30-Mar-14,T20I,Australia,0,0,0
24.0,17,13,4,1,184.61,1,caught,2,Mirpur,04-Apr-14,T20I,South Africa,0,0,0
29.0,41,26,3,0,111.53,1,caught,1,Mirpur,06-Apr-14,T20I,Sri Lanka,0,0,0
28.0,81,61,3,0,45.9,6,caught,2,Southampton,27-Jul-14,Test,England,0,0,0
6.0,39,28,0,0,21.42,6,caught,4,Southampton,27-Jul-14,Test,England,0,0,0
52.0,126,87,4,1,59.77,1,caught,1,Cardiff,27-Aug-14,ODI,England,0,1,0
264.0,225,173,33,9,152.6,2,caught,1,Eden Gardens,13-Nov-14,ODI,Sri Lanka,0,0,1
9.0,18,12,2,0,75,2,bowled,2,Ranchi,16-Nov-14,ODI,Sri Lanka,0,0,0
43.0,142,89,5,0,48.31,6,caught,2,Adelaide,09-Dec-14,Test,Australia,0,0,0
6.0,37,18,1,0,33.33,6,caught,4,Adelaide,09-Dec-14,Test,Australia,0,0,0
32.0,93,55,3,1,58.18,6,caught,1,Brisbane,17-Dec-14,Test,Australia,0,0,0
0.0,2,2,0,0,0,6,caught,3,Brisbane,17-Dec-14,Test,Australia,0,0,0
53.0,179,133,5,2,39.84,3,bowled,2,Sydney,06-Jan-15,Test,Australia,0,1,0
39.0,102,90,2,2,43.33,3,caught,4,Sydney,06-Jan-15,Test,Australia,0,0,0
138.0,228,139,9,4,99.28,1,caught,1,Melbourne,18-Jan-15,ODI,Australia,1,0,0
15.0,35,20,2,0,75,1,caught,1,Adelaide,15-Feb-15,ODI,Pakistan,0,0,0
0.0,13,6,0,0,0,1,run out,1,Melbourne,22-Feb-15,ODI,South Africa,0,0,0
57.0,77,55,10,1,103.63,1,not out,2,Perth,28-Feb-15,ODI,U.A.E.,0,1,0
7.0,30,18,1,0,38.88,1,caught,2,Perth,06-Mar-15,ODI,West Indies,0,0,0
64.0,99,66,3,3,96.96,1,bowled,2,Hamilton,10-Mar-15,ODI,Ireland,0,1,0
16.0,24,21,2,0,76.19,1,caught,2,Auckland,14-Mar-15,ODI,Zimbabwe,0,0,0
137.0,223,126,14,3,108.73,1,bowled,1,Melbourne,19-Mar-15,ODI,Bangladesh,1,0,0
34.0,83,48,1,2,70.83,1,bowled,2,Sydney,26-Mar-15,ODI,Australia,0,0,0
6.0,11,9,1,0,66.66,3,bowled,1,Fatullah,10-Jun-15,Test,Bangladesh,0,0,0
63.0,100,68,4,1,92.64,1,caught,2,Mirpur,18-Jun-15,ODI,Bangladesh,0,1,0
0.0,1,2,0,0,0,1,caught,1,Mirpur,21-Jun-15,ODI,Bangladesh,0,0,0
29.0,34,29,2,1,100,1,caught,1,Mirpur,24-Jun-15,ODI,Bangladesh,0,0,0
9.0,33,24,1,0,37.5,3,lbw,2,Galle,12-Aug-15,Test,Sri Lanka,0,0,0
4.0,16,16,1,0,25,4,bowled,4,Galle,12-Aug-15,Test,Sri Lanka,0,0,0
79.0,185,132,5,3,59.84,5,lbw,1,Colombo (PSS),20-Aug-15,Test,Sri Lanka,0,1,0
34.0,100,55,2,0,61.81,5,caught,3,Colombo (PSS),20-Aug-15,Test,Sri Lanka,0,0,0
26.0,95,65,3,1,40,5,caught,1,Colombo (SSC),28-Aug-15,Test,Sri Lanka,0,0,0
50.0,131,72,4,1,69.44,5,caught,3,Colombo (SSC),28-Aug-15,Test,Sri Lanka,0,1,0
106.0,79,66,12,5,160.6,1,caught,1,Dharamsala,02-Oct-15,T20I,South Africa,1,0,0
22.0,40,24,2,0,91.66,1,run out,1,Cuttack,05-Oct-15,T20I,South Africa,0,0,0
150.0,215,133,13,6,112.78,1,caught,2,Kanpur,11-Oct-15,ODI,South Africa,1,0,0
3.0,6,10,0,0,30,1,bowled,1,Indore,14-Oct-15,ODI,South Africa,0,0,0
65.0,95,74,7,2,87.83,1,caught,2,Rajkot,18-Oct-15,ODI,South Africa,0,1,0
21.0,21,19,4,0,110.52,1,caught,1,Chennai,22-Oct-15,ODI,South Africa,0,0,0
16.0,21,20,3,0,80,1,caught,2,Wankhede,25-Oct-15,ODI,South Africa,0,0,0
2.0,41,28,0,0,7.14,6,caught,1,Nagpur,25-Nov-15,Test,South Africa,0,0,0
23.0,77,39,1,1,58.97,6,caught,3,Nagpur,25-Nov-15,Test,South Africa,0,0,0
1.0,15,6,0,0,16.66,6,caught,1,Delhi,03-Dec-15,Test,South Africa,0,0,0
0.0,7,1,0,0,0,3,bowled,3,Delhi,03-Dec-15,Test,South Africa,0,0,0
171.0,205,163,13,7,104.9,1,not out,1,Perth,12-Jan-16,ODI,Australia,1,0,0
124.0,175,127,11,3,97.63,1,run out,1,Brisbane,15-Jan-16,ODI,Australia,1,0,0
6.0,17,11,0,0,54.54,1,caught,1,Melbourne,17-Jan-16,ODI,Australia,0,0,0
41.0,28,25,2,3,164,1,caught,2,Canberra,20-Jan-16,ODI,Australia,0,0,0
99.0,142,108,9,1,91.66,1,caught,2,Sydney,23-Jan-16,ODI,Australia,0,1,0
31.0,21,20,4,1,155,1,caught,1,Adelaide,26-Jan-16,T20I,Australia,0,0,0
60.0,69,47,5,2,127.65,1,run out,1,Melbourne,29-Jan-16,T20I,Australia,0,1,0
52.0,57,38,5,1,136.84,1,caught,2,Sydney,31-Jan-16,T20I,Australia,0,1,0
0.0,2,2,0,0,0,1,caught,1,Pune,09-Feb-16,T20I,Sri Lanka,0,0,0
43.0,,36,2,1,119.44,1,caught,1,Ranchi,12-Feb-16,T20I,Sri Lanka,0,0,0
13.0,,13,1,1,100,1,lbw,2,Visakhapatnam,14-Feb-16,T20I,Sri Lanka,0,0,0
83.0,90,55,7,3,150.9,1,caught,1,Mirpur,24-Feb-16,T20I,Bangladesh,0,1,0
0.0,2,2,0,0,0,1,lbw,2,Mirpur,27-Feb-16,T20I,Pakistan,0,0,0
15.0,15,14,3,0,107.14,2,caught,2,Mirpur,01-Mar-16,T20I,Sri Lanka,0,0,0
39.0,26,28,7,1,139.28,1,caught,2,Mirpur,03-Mar-16,T20I,U.A.E.,0,0,0
1.0,8,5,0,0,20,1,caught,2,Mirpur,06-Mar-16,T20I,Bangladesh,0,0,0
5.0,,7,0,0,71.42,1,stumped,2,Nagpur,15-Mar-16,T20I,New Zealand,0,0,0
10.0,11,11,2,0,90.9,1,caught,2,Eden Gardens,19-Mar-16,T20I,Pakistan,0,0,0
18.0,29,16,1,1,112.5,1,caught,1,Bengaluru,23-Mar-16,T20I,Bangladesh,0,0,0
12.0,25,17,1,0,70.58,1,bowled,2,Mohali,27-Mar-16,T20I,Australia,0,0,0
43.0,29,31,3,3,138.7,1,lbw,1,Wankhede,31-Mar-16,T20I,West Indies,0,0,0
9.0,30,23,2,0,39.13,5,caught,1,Gros Islet,09-Aug-16,Test,West Indies,0,0,0
41.0,74,59,1,3,69.49,5,lbw,3,Gros Islet,09-Aug-16,Test,West Indies,0,0,0
,,,,,,,,-,Port of Spain,18-Aug-16,Test,West Indies,0,0,0
62.0,54,28,4,4,221.42,1,caught,2,Lauderhill,27-Aug-16,T20I,West Indies,0,1,0
10.0,9,8,0,1,125,1,not out,2,Lauderhill,28-Aug-16,T20I,West Indies,0,0,0
35.0,96,67,3,1,52.23,6,caught,1,Kanpur,22-Sep-16,Test,New Zealand,0,0,0
68.0,156,93,8,0,73.11,6,not out,3,Kanpur,22-Sep-16,Test,New Zealand,0,1,0
2.0,22,12,0,0,16.66,6,caught,1,Eden Gardens,30-Sep-16,Test,New Zealand,0,0,0
82.0,214,132,9,2,62.12,6,caught,3,Eden Gardens,30-Sep-16,Test,New Zealand,0,1,0
51.0,90,63,3,2,80.95,6,not out,1,Indore,08-Oct-16,Test,New Zealand,0,1,0
,,,,,,,,3,Indore,08-Oct-16,Test,New Zealand,0,0,0
14.0,44,26,1,1,53.84,1,lbw,2,Dharamsala,16-Oct-16,ODI,New Zealand,0,0,0
15.0,28,27,1,1,55.55,1,caught,2,Delhi,20-Oct-16,ODI,New Zealand,0,0,0
13.0,35,21,2,0,61.9,1,lbw,2,Mohali,23-Oct-16,ODI,New Zealand,0,0,0
11.0,15,19,2,0,57.89,2,caught,2,Ranchi,26-Oct-16,ODI,New Zealand,0,0,0
70.0,107,65,5,3,107.69,2,caught,1,Visakhapatnam,29-Oct-16,ODI,New Zealand,0,1,0
91.0,146,119,7,2,76.47,1,run out,1,Birmingham,04-Jun-17,ODI,Pakistan,0,1,0
78.0,107,79,6,3,98.73,1,caught,1,The Oval,08-Jun-17,ODI,Sri Lanka,0,1,0
12.0,23,20,1,1,60,1,caught,2,The Oval,11-Jun-17,ODI,South Africa,0,0,0
123.0,165,129,15,1,95.34,1,not out,2,Birmingham,15-Jun-17,ODI,Bangladesh,1,0,0
0.0,4,3,0,0,0,1,lbw,2,The Oval,18-Jun-17,ODI,Pakistan,0,0,0
4.0,,13,0,0,30.76,1,run out,2,Dambulla,20-Aug-17,ODI,Sri Lanka,0,0,0
54.0,,45,5,3,120,1,lbw,2,Pallekele,24-Aug-17,ODI,Sri Lanka,0,1,0
124.0,,145,16,2,85.51,1,not out,2,Pallekele,27-Aug-17,ODI,Sri Lanka,1,0,0
104.0,,88,11,3,118.18,1,caught,1,Colombo (RPS),31-Aug-17,ODI,Sri Lanka,1,0,0
16.0,,20,1,0,80,1,caught,2,Colombo (RPS),03-Sep-17,ODI,Sri Lanka,0,0,0
9.0,,8,1,0,112.5,1,caught,2,Colombo (RPS),06-Sep-17,T20I,Sri Lanka,0,0,0
28.0,81,44,3,0,63.63,2,caught,1,Chennai,17-Sep-17,ODI,Australia,0,0,0
7.0,24,14,1,0,50,2,caught,1,Eden Gardens,21-Sep-17,ODI,Australia,0,0,0
71.0,94,62,6,4,114.51,2,caught,2,Indore,24-Sep-17,ODI,Australia,0,1,0
65.0,93,55,1,5,118.18,2,run out,2,Bengaluru,28-Sep-17,ODI,Australia,0,1,0
125.0,165,109,11,5,114.67,2,caught,2,Nagpur,01-Oct-17,ODI,Australia,1,0,0
11.0,5,7,1,1,157.14,1,bowled,2,Ranchi,07-Oct-17,T20I,Australia,0,0,0
8.0,3,4,2,0,200,1,lbw,1,Guwahati,10-Oct-17,T20I,Australia,0,0,0
20.0,27,18,0,2,111.11,1,bowled,1,Wankhede,22-Oct-17,ODI,New Zealand,0,0,0
7.0,17,19,1,0,36.84,1,caught,2,Pune,25-Oct-17,ODI,New Zealand,0,0,0
147.0,168,138,18,2,106.52,1,caught,1,Kanpur,29-Oct-17,ODI,New Zealand,1,0,0
80.0,85,55,6,4,145.45,1,caught,1,Delhi,01-Nov-17,T20I,New Zealand,0,1,0
5.0,9,6,1,0,83.33,1,caught,2,Rajkot,04-Nov-17,T20I,New Zealand,0,0,0
8.0,11,9,1,0,88.88,1,caught,1,Thiruvananthapuram,07-Nov-17,T20I,New Zealand,0,0,0
102.0,191,160,8,1,63.75,6,not out,2,Nagpur,24-Nov-17,Test,Sri Lanka,1,0,0
65.0,129,102,7,2,63.72,6,caught,1,Delhi,02-Dec-17,Test,Sri Lanka,0,1,0
50.0,77,49,5,0,102.04,6,not out,3,Delhi,02-Dec-17,Test,Sri Lanka,0,1,0
2.0,19,13,0,0,15.38,1,caught,1,Dharamsala,10-Dec-17,ODI,Sri Lanka,0,0,0
208.0,212,153,13,12,135.94,1,not out,1,Mohali,13-Dec-17,ODI,Sri Lanka,0,0,1
7.0,14,14,0,1,50,1,bowled,2,Visakhapatnam,17-Dec-17,ODI,Sri Lanka,0,0,0
17.0,21,13,2,0,130.76,1,caught,1,Cuttack,20-Dec-17,T20I,Sri Lanka,0,0,0
118.0,61,43,12,10,274.41,1,caught,1,Indore,22-Dec-17,T20I,Sri Lanka,1,0,0
27.0,31,20,4,1,135,1,caught,2,Wankhede,24-Dec-17,T20I,Sri Lanka,0,0,0
11.0,95,59,1,0,18.64,5,lbw,2,Cape Town,05-Jan-18,Test,South Africa,0,0,0
10.0,53,30,0,0,33.33,5,bowled,4,Cape Town,05-Jan-18,Test,South Africa,0,0,0
10.0,34,27,2,0,37.03,5,lbw,2,Centurion,13-Jan-18,Test,South Africa,0,0,0
47.0,102,74,6,1,63.51,6,caught,4,Centurion,13-Jan-18,Test,South Africa,0,0,0
20.0,25,30,2,1,66.66,1,caught,2,Durban,01-Feb-18,ODI,South Africa,0,0,0
15.0,19,17,2,1,88.23,1,caught,2,Centurion,04-Feb-18,ODI,South Africa,0,0,0
0.0,4,6,0,0,0,1,caught,1,Cape Town,07-Feb-18,ODI,South Africa,0,0,0
5.0,19,13,1,0,38.46,1,caught,1,Johannesburg,10-Feb-18,ODI,South Africa,0,0,0
115.0,179,126,11,4,91.26,2,caught,1,Gqeberha,13-Feb-18,ODI,South Africa,1,0,0
15.0,14,13,3,0,115.38,2,caught,2,Centurion,16-Feb-18,ODI,South Africa,0,0,0
21.0,8,9,2,2,233.33,1,caught,1,Johannesburg,18-Feb-18,T20I,South Africa,0,0,0
0.0,5,1,0,0,0,2,lbw,1,Centurion,21-Feb-18,T20I,South Africa,0,0,0
11.0,9,8,2,0,137.5,1,lbw,1,Cape Town,24-Feb-18,T20I,South Africa,0,0,0
0.0,,4,0,0,0,1,caught,1,Colombo (RPS),06-Mar-18,T20I,Sri Lanka,0,0,0
17.0,,13,3,0,130.76,1,bowled,2,Colombo (RPS),08-Mar-18,T20I,Bangladesh,0,0,0
11.0,,7,1,1,157.14,1,caught,2,Colombo (RPS),12-Mar-18,T20I,Sri Lanka,0,0,0
89.0,,61,5,5,145.9,1,run out,1,Colombo (RPS),14-Mar-18,T20I,Bangladesh,0,1,0
56.0,,42,4,3,133.33,2,caught,2,Colombo (RPS),18-Mar-18,T20I,Bangladesh,0,1,0
97.0,87,61,8,5,159.01,1,bowled,1,Dublin (Malahide),27-Jun-18,T20I,Ireland,0,1,0
0.0,,2,0,0,0,4,caught,1,Dublin (Malahide),29-Jun-18,T20I,Ireland,0,0,0
32.0,,30,3,1,106.66,2,caught,2,Manchester,03-Jul-18,T20I,England,0,0,0
5.0,,9,1,0,55.55,1,caught,1,Cardiff,06-Jul-18,T20I,England,0,0,0
100.0,,56,11,5,178.57,1,not out,2,Bristol,08-Jul-18,T20I,England,1,0,0
137.0,,114,15,4,120.17,1,not out,2,Nottingham,12-Jul-18,ODI,England,1,0,0
15.0,,26,2,0,57.69,1,bowled,2,Lord's,14-Jul-18,ODI,England,0,0,0
2.0,24,18,0,0,11.11,1,caught,1,Leeds,17-Jul-18,ODI,England,0,0,0
23.0,,22,4,0,104.54,1,caught,1,Dubai (DICS),18-Sep-18,ODI,Hong Kong,0,0,0
52.0,,39,6,3,133.33,1,bowled,2,Dubai (DICS),19-Sep-18,ODI,Pakistan,0,1,0
83.0,,104,5,3,79.8,1,not out,2,Dubai (DICS),21-Sep-18,ODI,Bangladesh,0,1,0
111.0,,119,7,4,93.27,1,not out,2,Dubai (DICS),23-Sep-18,ODI,Pakistan,1,0,0
48.0,,55,3,3,87.27,1,caught,2,Dubai (DICS),28-Sep-18,ODI,Bangladesh,0,0,0
152.0,,117,15,8,129.91,1,not out,2,Guwahati,21-Oct-18,ODI,West Indies,1,0,0
4.0,14,8,1,0,50,1,caught,1,Visakhapatnam,24-Oct-18,ODI,West Indies,0,0,0
8.0,,9,2,0,88.88,1,bowled,2,Pune,27-Oct-18,ODI,West Indies,0,0,0
162.0,,137,20,4,118.24,1,caught,1,Brabourne,29-Oct-18,ODI,West Indies,1,0,0
63.0,65,56,5,4,112.5,1,not out,2,Thiruvananthapuram,01-Nov-18,ODI,West Indies,0,1,0
6.0,,6,1,0,100,1,caught,2,Eden Gardens,04-Nov-18,T20I,West Indies,0,0,0
111.0,95,61,8,7,181.96,1,not out,1,Lucknow,06-Nov-18,T20I,West Indies,1,0,0
4.0,,6,1,0,66.66,2,caught,2,Chennai,11-Nov-18,T20I,West Indies,0,0,0
7.0,,8,0,0,87.5,1,caught,2,Brisbane,21-Nov-18,T20I,Australia,0,0,0
,,,,,,,,-,Melbourne,23-Nov-18,T20I,Australia,0,0,0
23.0,,16,1,2,143.75,1,bowled,2,Sydney,25-Nov-18,T20I,Australia,0,0,0
37.0,71,61,2,3,60.65,6,caught,1,Adelaide,06-Dec-18,Test,Australia,0,0,0
1.0,15,6,0,0,16.66,6,caught,3,Adelaide,06-Dec-18,Test,Australia,0,0,0
63.0,186,114,5,0,55.26,6,not out,1,Melbourne,26-Dec-18,Test,Australia,0,1,0
5.0,28,18,0,0,27.77,6,caught,3,Melbourne,26-Dec-18,Test,Australia,0,0,0
133.0,204,129,10,6,103.1,1,caught,2,Sydney,12-Jan-19,ODI,Australia,1,0,0
43.0,71,52,2,2,82.69,1,caught,2,Adelaide,15-Jan-19,ODI,Australia,0,0,0
9.0,,17,1,0,52.94,1,caught,2,Melbourne,18-Jan-19,ODI,Australia,0,0,0
11.0,38,24,1,0,45.83,1,caught,2,Napier,23-Jan-19,ODI,New Zealand,0,0,0
87.0,116,96,9,3,90.62,1,caught,1,Mount Maunganui,26-Jan-19,ODI,New Zealand,0,1,0
62.0,115,77,3,2,80.51,1,stumped,2,Mount Maunganui,28-Jan-19,ODI,New Zealand,0,1,0
7.0,33,23,0,0,30.43,1,caught,1,Hamilton,31-Jan-19,ODI,New Zealand,0,0,0
2.0,16,16,0,0,12.5,1,bowled,1,Wellington,03-Feb-19,ODI,New Zealand,0,0,0
1.0,10,5,0,0,20,1,caught,2,Wellington,06-Feb-19,T20I,New Zealand,0,0,0
50.0,40,29,3,4,172.41,1,caught,2,Auckland,08-Feb-19,T20I,New Zealand,0,1,0
38.0,63,32,3,0,118.75,2,caught,2,Hamilton,10-Feb-19,T20I,New Zealand,0,0,0
5.0,11,8,0,0,62.5,1,caught,1,Visakhapatnam,24-Feb-19,T20I,Australia,0,0,0
37.0,,66,5,0,56.06,1,caught,2,Hyderabad,02-Mar-19,ODI,Australia,0,0,0
0.0,,6,0,0,0,1,caught,1,Nagpur,05-Mar-19,ODI,Australia,0,0,0
14.0,,14,2,1,100,2,lbw,2,Ranchi,08-Mar-19,ODI,Australia,0,0,0
95.0,,92,7,2,103.26,1,caught,1,Mohali,10-Mar-19,ODI,Australia,0,1,0
56.0,,89,4,0,62.92,1,stumped,2,Delhi,13-Mar-19,ODI,Australia,0,1,0
122.0,212,144,13,2,84.72,2,not out,2,Southampton,05-Jun-19,ODI,South Africa,1,0,0
57.0,101,70,3,1,81.42,1,caught,1,The Oval,09-Jun-19,ODI,Australia,0,1,0
140.0,153,113,14,3,123.89,2,caught,1,Manchester,16-Jun-19,ODI,Pakistan,1,0,0
1.0,60,10,0,0,10,2,bowled,1,Southampton,22-Jun-19,ODI,Afghanistan,0,0,0
18.0,28,23,1,1,78.26,2,caught,1,Manchester,27-Jun-19,ODI,West Indies,0,0,0
102.0,152,109,15,0,93.57,2,caught,2,Birmingham,30-Jun-19,ODI,England,1,0,0
104.0,121,92,7,5,113.04,2,caught,1,Birmingham,02-Jul-19,ODI,Bangladesh,1,0,0
103.0,133,94,14,2,109.57,2,caught,2,Leeds,06-Jul-19,ODI,Sri Lanka,1,0,0
1.0,7,4,0,0,25,2,caught,2,Manchester,09-Jul-19,ODI,New Zealand,0,0,0
24.0,,25,2,2,96,1,caught,2,Lauderhill,03-Aug-19,T20I,West Indies,0,0,0
67.0,,51,6,3,131.37,1,caught,1,Lauderhill,04-Aug-19,T20I,West Indies,0,1,0
,,,,,,,,-,Providence,08-Aug-19,ODI,West Indies,0,0,0
18.0,75,34,2,0,52.94,2,caught,1,Port of Spain,11-Aug-19,ODI,West Indies,0,0,0
10.0,13,6,2,0,166.66,1,run out,2,Port of Spain,14-Aug-19,ODI,West Indies,0,0,0
12.0,21,12,0,2,100,1,lbw,2,Mohali,18-Sep-19,T20I,South Africa,0,0,0
9.0,11,8,2,0,112.5,2,caught,1,Bengaluru,22-Sep-19,T20I,South Africa,0,0,0
176.0,,244,23,6,72.13,2,stumped,1,Visakhapatnam,02-Oct-19,Test,South Africa,1,0,0
127.0,,149,10,7,85.23,2,stumped,3,Visakhapatnam,02-Oct-19,Test,South Africa,1,0,0
14.0,,35,1,0,40,2,caught,1,Pune,10-Oct-19,Test,South Africa,0,0,0
212.0,,255,28,6,83.13,2,caught,1,Ranchi,19-Oct-19,Test,South Africa,0,0,1
9.0,,5,2,0,180,1,lbw,1,Delhi,03-Nov-19,T20I,Bangladesh,0,0,0
85.0,,43,6,6,197.67,1,caught,2,Rajkot,07-Nov-19,T20I,Bangladesh,0,1,0
2.0,,6,0,0,33.33,1,bowled,1,Nagpur,10-Nov-19,T20I,Bangladesh,0,0,0
6.0,,14,1,0,42.85,2,caught,2,Indore,14-Nov-19,Test,Bangladesh,0,0,0
21.0,,35,2,1,60,2,lbw,2,Eden Gardens,22-Nov-19,Test,Bangladesh,0,0,0
8.0,,10,1,0,80,1,caught,2,Hyderabad,06-Dec-19,T20I,West Indies,0,0,0
15.0,,18,2,0,83.33,1,bowled,1,Thiruvananthapuram,08-Dec-19,T20I,West Indies,0,0,0
71.0,,34,6,5,208.82,1,caught,1,Wankhede,11-Dec-19,T20I,West Indies,0,1,0
36.0,,56,6,0,64.28,1,caught,1,Chennai,15-Dec-19,ODI,West Indies,0,0,0
159.0,,138,17,5,115.21,1,caught,1,Visakhapatnam,18-Dec-19,ODI,West Indies,1,0,0
63.0,,63,8,1,100,1,caught,2,Cuttack,22-Dec-19,ODI,West Indies,0,1,0
10.0,,15,2,0,66.66,1,caught,1,Wankhede,14-Jan-20,ODI,Australia,0,0,0
42.0,,44,6,0,95.45,1,lbw,1,Rajkot,17-Jan-20,ODI,Australia,0,0,0
119.0,,128,8,6,92.96,1,caught,2,Bengaluru,19-Jan-20,ODI,Australia,1,0,0
7.0,,6,0,1,116.66,1,caught,2,Auckland,24-Jan-20,T20I,New Zealand,0,0,0
8.0,3,6,2,0,133.33,1,caught,2,Auckland,26-Jan-20,T20I,New Zealand,0,0,0
65.0,50,40,6,3,162.5,1,caught,1,Hamilton,29-Jan-20,T20I,New Zealand,0,1,0
60.0,,41,3,3,146.34,3,retired notout,1,Mount Maunganui,02-Feb-20,T20I,New Zealand,0,1,0
26.0,110,77,3,1,33.76,1,caught,2,Sydney,07-Jan-21,Test,Australia,0,0,0
52.0,137,98,5,1,53.06,1,caught,4,Sydney,07-Jan-21,Test,Australia,0,1,0
44.0,90,74,6,0,59.45,1,caught,2,Brisbane,15-Jan-21,Test,Australia,0,0,0
7.0,34,21,1,0,33.33,1,caught,4,Brisbane,15-Jan-21,Test,Australia,0,0,0
6.0,15,9,1,0,66.66,1,caught,2,Chennai,05-Feb-21,Test,England,0,0,0
12.0,23,20,1,1,60,1,bowled,4,Chennai,05-Feb-21,Test,England,0,0,0
161.0,327,231,18,2,69.69,1,caught,1,Chennai,13-Feb-21,Test,England,1,0,0
26.0,91,70,2,1,37.14,1,stumped,3,Chennai,13-Feb-21,Test,England,0,0,0
66.0,208,96,11,0,68.75,1,lbw,2,Ahmedabad,24-Feb-21,Test,England,0,1,0
25.0,26,25,3,1,100,1,not out,4,Ahmedabad,24-Feb-21,Test,England,0,0,0
49.0,235,144,7,0,34.02,2,lbw,2,Ahmedabad,04-Mar-21,Test,England,0,0,0
15.0,22,17,2,0,88.23,1,caught,1,Ahmedabad,16-Mar-21,T20I,England,0,0,0
12.0,17,12,1,1,100,1,caught,1,Ahmedabad,18-Mar-21,T20I,England,0,0,0
64.0,42,34,4,5,188.23,1,bowled,1,Ahmedabad,20-Mar-21,T20I,England,0,1,0
28.0,79,42,4,0,66.66,1,caught,1,Pune,23-Mar-21,ODI,England,0,0,0
25.0,38,25,5,0,100,1,caught,1,Pune,26-Mar-21,ODI,England,0,0,0
37.0,71,37,6,0,100,1,bowled,1,Pune,28-Mar-21,ODI,England,0,0,0
34.0,88,68,6,0,50,1,caught,1,Southampton,18-Jun-21,Test,New Zealand,0,0,0
30.0,121,81,2,0,37.03,1,lbw,3,Southampton,18-Jun-21,Test,New Zealand,0,0,0
36.0,175,107,6,0,33.64,1,caught,2,Nottingham,04-Aug-21,Test,England,0,0,0
12.0,,34,0,0,35.29,2,not out,4,Nottingham,04-Aug-21,Test,England,0,0,0
83.0,185,145,11,1,57.24,1,bowled,1,Lord's,12-Aug-21,Test,England,0,1,0
21.0,60,36,2,1,58.33,2,caught,3,Lord's,12-Aug-21,Test,England,0,0,0
19.0,172,105,1,0,18.09,1,caught,1,Leeds,25-Aug-21,Test,England,0,0,0
59.0,221,156,7,1,37.82,1,lbw,3,Leeds,25-Aug-21,Test,England,0,1,0
11.0,43,27,1,0,40.74,1,caught,1,The Oval,02-Sep-21,Test,England,0,0,0
127.0,353,256,14,1,49.6,1,caught,3,The Oval,02-Sep-21,Test,England,1,0,0
0.0,6,1,0,0,0,2,lbw,1,Dubai (DICS),24-Oct-21,T20I,Pakistan,0,0,0
14.0,23,14,1,1,100,3,caught,1,Dubai (DICS),31-Oct-21,T20I,New Zealand,0,0,0
74.0,78,47,8,3,157.44,2,caught,1,Abu Dhabi,03-Nov-21,T20I,Afghanistan,0,1,0
30.0,29,16,5,1,187.5,2,lbw,2,Dubai (DICS),05-Nov-21,T20I,Scotland,0,0,0
56.0,46,37,7,2,151.35,2,caught,2,Dubai (DICS),08-Nov-21,T20I,Namibia,0,1,0
48.0,63,36,5,2,133.33,2,caught,2,Jaipur,17-Nov-21,T20I,New Zealand,0,0,0
55.0,90,36,1,5,152.77,2,caught,2,Ranchi,19-Nov-21,T20I,New Zealand,0,1,0
56.0,60,31,5,3,180.64,1,caught,1,Eden Gardens,21-Nov-21,T20I,New Zealand,0,1,0
60.0,60,51,10,1,117.64,1,lbw,2,Ahmedabad,06-Feb-22,ODI,West Indies,0,1,0
5.0,14,8,0,0,62.5,1,caught,1,Ahmedabad,09-Feb-22,ODI,West Indies,0,0,0
13.0,20,15,3,0,86.66,1,bowled,1,Ahmedabad,11-Feb-22,ODI,West Indies,0,0,0
40.0,37,19,4,3,210.52,1,caught,2,Eden Gardens,16-Feb-22,T20I,West Indies,0,0,0
19.0,39,18,2,1,105.55,1,caught,1,Eden Gardens,18-Feb-22,T20I,West Indies,0,0,0
7.0,25,15,0,0,46.66,4,bowled,1,Eden Gardens,20-Feb-22,T20I,West Indies,0,0,0
44.0,58,32,2,1,137.5,1,bowled,1,Lucknow,24-Feb-22,T20I,Sri Lanka,0,0,0
1.0,5,2,0,0,50,1,bowled,2,Dharamsala,26-Feb-22,T20I,Sri Lanka,0,0,0
5.0,8,9,1,0,55.55,2,caught,2,Dharamsala,27-Feb-22,T20I,Sri Lanka,0,0,0
29.0,52,28,6,0,103.57,2,caught,1,Mohali,04-Mar-22,Test,Sri Lanka,0,0,0
15.0,51,25,1,1,60,2,caught,1,Bengaluru,12-Mar-22,Test,Sri Lanka,0,0,0
46.0,126,79,4,0,58.22,2,caught,3,Bengaluru,12-Mar-22,Test,Sri Lanka,0,0,0
24.0,14,14,5,0,171.42,1,caught,1,Southampton,07-Jul-22,T20I,England,0,0,0
31.0,26,20,3,2,155,1,caught,1,Birmingham,09-Jul-22,T20I,England,0,0,0
11.0,26,12,2,0,91.66,1,caught,2,Nottingham,10-Jul-22,T20I,England,0,0,0
76.0,79,58,7,5,131.03,1,not out,2,The Oval,12-Jul-22,ODI,England,0,1,0
0.0,12,10,0,0,0,1,lbw,2,Lord's,14-Jul-22,ODI,England,0,0,0
17.0,22,17,4,0,100,1,caught,2,Manchester,17-Jul-22,ODI,England,0,0,0
64.0,77,44,7,2,145.45,1,caught,1,Tarouba,29-Jul-22,T20I,West Indies,0,1,0
0.0,2,1,0,0,0,1,caught,1,Basseterre,01-Aug-22,T20I,West Indies,0,0,0
11.0,7,5,1,1,220,1,retired notout,2,Basseterre,02-Aug-22,T20I,West Indies,0,0,0
33.0,24,16,2,3,206.25,1,bowled,1,Lauderhill,06-Aug-22,T20I,West Indies,0,0,0
12.0,44,18,0,1,66.66,1,caught,2,Dubai (DICS),28-Aug-22,T20I,Pakistan,0,0,0
21.0,28,13,2,1,161.53,2,caught,1,Dubai (DICS),31-Aug-22,T20I,Hong Kong,0,0,0
28.0,27,16,3,2,175,2,caught,1,Dubai (DICS),04-Sep-22,T20I,Pakistan,0,0,0
72.0,70,41,5,4,175.6,2,caught,1,Dubai (DICS),06-Sep-22,T20I,Sri Lanka,0,1,0
11.0,13,9,1,1,122.22,2,caught,1,Mohali,20-Sep-22,T20I,Australia,0,0,0
46.0,,20,4,4,230,2,not out,2,Nagpur,23-Sep-22,T20I,Australia,0,0,0
17.0,19,14,2,1,121.42,2,caught,2,Hyderabad,25-Sep-22,T20I,Australia,0,0,0
0.0,14,2,0,0,0,2,caught,2,Thiruvananthapuram,28-Sep-22,T20I,South Africa,0,0,0
43.0,50,37,7,1,116.21,2,caught,1,Guwahati,02-Oct-22,T20I,South Africa,0,0,0
0.0,3,2,0,0,0,1,bowled,2,Indore,04-Oct-22,T20I,South Africa,0,0,0
4.0,20,7,0,0,57.14,2,caught,2,Melbourne,23-Oct-22,T20I,Pakistan,0,0,0
53.0,53,39,4,3,135.89,2,caught,1,Sydney,27-Oct-22,T20I,Netherlands,0,1,0
15.0,22,14,1,1,107.14,2,caught,1,Perth,30-Oct-22,T20I,South Africa,0,0,0
2.0,18,8,0,0,25,2,caught,1,Adelaide,02-Nov-22,T20I,Bangladesh,0,0,0
15.0,20,13,2,0,115.38,2,caught,1,Melbourne,06-Nov-22,T20I,Zimbabwe,0,0,0
27.0,37,28,4,0,96.42,2,caught,1,Adelaide,10-Nov-22,T20I,England,0,0,0
27.0,47,31,4,1,87.09,1,bowled,1,Mirpur,04-Dec-22,ODI,Bangladesh,0,0,0
51.0,40,28,3,5,182.14,9,not out,2,Mirpur,07-Dec-22,ODI,Bangladesh,0,1,0
83.0,105,67,9,3,123.88,1,bowled,1,Guwahati,10-Jan-23,ODI,Sri Lanka,0,1,0
17.0,23,21,2,1,80.95,1,caught,2,Eden Gardens,12-Jan-23,ODI,Sri Lanka,0,0,0
42.0,63,49,2,3,85.71,1,caught,1,Thiruvananthapuram,15-Jan-23,ODI,Sri Lanka,0,0,0
34.0,49,38,4,2,89.47,1,caught,1,Hyderabad,18-Jan-23,ODI,New Zealand,0,0,0
51.0,65,50,7,2,102,1,lbw,2,Raipur,21-Jan-23,ODI,New Zealand,0,1,0
101.0,113,85,9,6,118.82,1,bowled,1,Indore,24-Jan-23,ODI,New Zealand,1,0,0
120.0,344,212,15,2,56.6,1,bowled,2,Nagpur,09-Feb-23,Test,Australia,1,0,0
32.0,95,69,2,0,46.37,1,bowled,2,Delhi,17-Feb-23,Test,Australia,0,0,0
31.0,31,20,3,2,155,1,run out,4,Delhi,17-Feb-23,Test,Australia,0,0,0
12.0,27,23,3,0,52.17,1,stumped,1,Indore,01-Mar-23,Test,Australia,0,0,0
12.0,61,33,0,0,36.36,1,lbw,3,Indore,01-Mar-23,Test,Australia,0,0,0
35.0,92,58,3,1,60.34,1,caught,2,Ahmedabad,09-Mar-23,Test,Australia,0,0,0
13.0,24,15,2,0,86.66,1,caught,1,Visakhapatnam,19-Mar-23,ODI,Australia,0,0,0
30.0,44,17,2,2,176.47,1,caught,2,Chennai,22-Mar-23,ODI,Australia,0,0,0
15.0,29,26,2,0,57.69,1,lbw,2,The Oval,07-Jun-23,Test,Australia,0,0,0
43.0,103,60,7,1,71.66,1,lbw,4,The Oval,07-Jun-23,Test,Australia,0,0,0
103.0,303,221,10,2,46.6,2,caught,2,Roseau,12-Jul-23,Test,West Indies,1,0,0
80.0,180,143,9,2,55.94,2,bowled,1,Port of Spain,20-Jul-23,Test,West Indies,0,1,0
57.0,59,44,5,3,129.54,2,caught,3,Port of Spain,20-Jul-23,Test,West Indies,0,1,0
12.0,17,19,2,0,63.15,7,not out,2,Bridgetown,27-Jul-23,ODI,West Indies,0,0,0
11.0,25,22,2,0,50,1,bowled,1,Pallekele,02-Sep-23,ODI,Pakistan,0,0,0
74.0,87,59,6,5,125.42,1,not out,2,Pallekele,04-Sep-23,ODI,Nepal,0,1,0
56.0,77,49,6,4,114.28,1,caught,1,Colombo (RPS),10-Sep-23,ODI,Pakistan,0,1,0
53.0,73,48,7,2,110.41,1,bowled,1,Colombo (RPS),12-Sep-23,ODI,Sri Lanka,0,1,0
0.0,3,2,0,0,0,1,caught,2,Colombo (RPS),15-Sep-23,ODI,Bangladesh,0,0,0
,,,,,,,,2,Colombo (RPS),17-Sep-23,ODI,Sri Lanka,0,0,0
81.0,94,57,5,6,142.1,1,caught,2,Rajkot,27-Sep-23,ODI,Australia,0,1,0
0.0,10,6,0,0,0,1,lbw,2,Chennai,08-Oct-23,ODI,Australia,0,0,0
131.0,111,84,16,5,155.95,1,bowled,2,Delhi,11-Oct-23,ODI,Afghanistan,1,0,0
86.0,91,63,6,6,136.5,1,caught,2,Ahmedabad,14-Oct-23,ODI,Pakistan,0,1,0
48.0,51,40,7,2,120,1,caught,2,Pune,19-Oct-23,ODI,Bangladesh,0,0,0
46.0,44,40,4,4,115,1,bowled,2,Dharamsala,22-Oct-23,ODI,New Zealand,0,0,0
87.0,162,101,10,3,86.13,1,caught,1,Lucknow,29-Oct-23,ODI,England,0,1,0
4.0,2,2,1,0,200,1,bowled,1,Wankhede,02-Nov-23,ODI,Sri Lanka,0,0,0
40.0,32,24,6,2,166.66,1,caught,1,Eden Gardens,05-Nov-23,ODI,South Africa,0,0,0
61.0,74,54,8,2,112.96,1,caught,1,Bengaluru,12-Nov-23,ODI,Netherlands,0,1,0
47.0,40,29,4,4,162.06,1,caught,1,Wankhede,15-Nov-23,ODI,New Zealand,0,0,0
47.0,44,31,4,3,151.61,1,caught,1,Ahmedabad,19-Nov-23,ODI,Australia,0,0,0
5.0,20,14,1,0,35.71,2,caught,1,Centurion,26-Dec-23,Test,South Africa,0,0,0
0.0,10,8,0,0,0,2,bowled,3,Centurion,26-Dec-23,Test,South Africa,0,0,0
39.0,68,50,7,0,78,2,caught,2,Cape Town,03-Jan-24,Test,South Africa,0,0,0
16.0,57,22,2,0,72.72,2,not out,4,Cape Town,03-Jan-24,Test,South Africa,0,0,0
0.0,1,2,0,0,0,1,run out,2,Mohali,11-Jan-24,T20I,Afghanistan,0,0,0
0.0,6,1,0,0,0,2,bowled,2,Indore,14-Jan-24,T20I,Afghanistan,0,0,0
121.0,103,69,11,8,175.36,2,not out,1,Bengaluru,17-Jan-24,T20I,Afghanistan,1,0,0
24.0,53,27,3,0,88.88,2,caught,2,Hyderabad,25-Jan-24,Test,England,0,0,0
39.0,76,58,7,0,67.24,1,lbw,4,Hyderabad,25-Jan-24,Test,England,0,0,0
14.0,68,41,0,0,34.14,2,caught,1,Visakhapatnam,02-Feb-24,Test,England,0,0,0
13.0,28,21,3,0,61.9,2,bowled,3,Visakhapatnam,02-Feb-24,Test,England,0,0,0
131.0,292,196,14,3,66.83,2,caught,1,Rajkot,15-Feb-24,Test,England,1,0,0
19.0,48,28,3,0,67.85,2,lbw,3,Rajkot,15-Feb-24,Test,England,0,0,0
2.0,11,9,0,0,22.22,2,caught,2,Ranchi,23-Feb-24,Test,England,0,0,0
55.0,99,81,5,1,67.9,1,caught,4,Ranchi,23-Feb-24,Test,England,0,1,0
103.0,250,162,13,3,63.58,2,bowled,2,Dharamsala,07-Mar-24,Test,England,1,0,0
52.0,48,37,4,3,140.54,1,retired notout,2,New York,05-Jun-24,T20I,Ireland,0,1,0
13.0,15,12,1,1,108.33,1,caught,1,New York,09-Jun-24,T20I,Pakistan,0,0,0
3.0,12,6,0,0,50,1,caught,2,New York,12-Jun-24,T20I,U.S.A.,0,0,0
8.0,13,13,1,0,61.53,1,caught,1,Bridgetown,20-Jun-24,T20I,Afghanistan,0,0,0
23.0,14,11,3,1,209.09,1,caught,1,North Sound,22-Jun-24,T20I,Bangladesh,0,0,0
92.0,59,41,7,8,224.39,1,bowled,1,Gros Islet,24-Jun-24,T20I,Australia,0,1,0
57.0,57,39,6,2,146.15,1,bowled,1,Providence,27-Jun-24,T20I,England,0,1,0
9.0,7,5,2,0,180,1,caught,1,Bridgetown,29-Jun-24,T20I,South Africa,0,0,0
